PPN,~
Zarel,~
wolf,~
Winry,+
Livewire,+
Abnegation,+
Altairis,+
skylight,+
Audy,~
Hiroshi Sotomura,~
Antemortem,+
synerjee,+
SynÃÂµrjÃÂµÃÂµ,+
sÅ§ranger,+
AdrastÃƒÆ’Ã‚ÂÃƒâ€šÃ‚ÂµiÃƒÆ’Ã‚ÂÃƒâ€šÃ‚Â°,+
NatalÃƒÆ’Ã¢â‚¬ËœÃƒâ€ Ã¢â‚¬â„¢a,+
Martin Truex Jr.,+
omicronhuh,@
Alto Mare,+
Zeffy,+
nÃƒâ€˜Ã†â€™mph,+
MÃƒâ€˜Ã¢â‚¬â€œnÃƒÂÃ‚Âµrva,+
Autumn ReveriĞµ,+
Cirnysheep,~
omicrÎ¿n,@
Sweep,+
Kyle Larson,+
Sanguine,+
SkÑ–pper,+
Aurora XD,+
PĞµithĞ°rchiĞ°,+
PokeCommBot,@
AxeliirĞ°,+
DĞµnny Hamlin,+
rÉ‘zor leaf,+
MÑ”gido,@
gloom,+
lukey,+
LoriÃÂ°nne,+
CĞ°Ñ•tfĞ¾rm,~
Hannu Mikkola,+
archer99,+
Crazy Uncle Anti,+
Nolafus,+
Aurora,~
air tangela,+
seekeÉ¼,+
StĞµrlÑ–ng,+
Sylphiel,~
bellĞ¾ssĞ¾m,@
unkempt harold,+
CÒ»Ğ°se,~
Papa Anti,+
shaymin,+
LORD ANTE,+
ChaÑ•ĞµfĞ¾rm,~
MĞµgĞ°nium,+
crustaceans,+
Wizard of Judaism,+
flying,+
ArÑhy,+
wofl,~
Big Sexy Ass Syn,+
Nakasu,+
AÑhrĞ¾mĞ°tic,~
DĞ°vid BĞ¾wie,+
Lailah-tan,+
skymin,+
omicorn,@
Michonne,~
squirrel,+
vrai,+
zebraiken,+
jakemusicnote,+
twilightblade,+
Noa Noodles,@
Snow,+
Kou Noodles,+
WeĞ°ther Ball,~
DĞ³agon Dance,+
aslan,+
top percentage,+
rainbow arcanine,+
Love Tower,+
Noa (â–°Ë˜vË˜â–°),+
LĞ°nĞ° Del Phox,~
Rei (â–°Ë˜vË˜â–°),+
Syndrome,@
nĞ¾odles,+
Queen Bitch,+
Cap'n Chromatic,+
Love Clinic,+
Erika Senpai,+
MasÒ»imaro,+
LGDArm,+
Overlord Metagross,+
King Syn,@
Overlord Mawile,+
Serrah Sucks,+
Digital Esper,+
Shinguji,+
Matt Martians,+
Syd tha Kyd,+
NegĞ°n,~
DĞ°ddy,@
ChĞ³istos,@
sphealosophy,@
HibikazĞµ ğŸ”¥,+
HibÑ–kĞ°zĞµ,+
carol's cookies,~
PostcĞ°rds,@
Noaaaaa,+
Death by Chansey,@
JĞ°nssen,+
Megumiii,~
Rabinovâ€ ,+
MuhĞ°mmĞ°d Ali,@
crolscookis,~
Novae,+
LĞµdiĞ°n,+
NĞ°kasuğŸ¥ğŸ£~,+
LailĞ°h,~
SÕ½nflĞ¾rĞ°,@
CrobĞ°t,~
Steph Carried,@
I AM VEGEMITE,+
TÑƒrĞ°nÑ–tar,@
BrÕ½xÑ–sh,~
Fuck KĞµÎ½in Durant,@
Rohan-Sensei,@
Noa Noodle,+
SĞ°ria,+
PrincĞµss Zelda,~
Incognoodle,+
jellicentfan1,~
TracĞµr,@
Carousels,@
junkrt,+
SakurĞ° WĞ°rÑ•,~
 Mamori Îœinamoto,~
RĞµaÑ€er,@
PÑ–dge,+
pabloocean,+
elvn,~
WÑ–dowmakĞµr,@
TĞµrrĞ° Branford,~
Aurora's Friend,@
jannasheep,~
jĞ°nna,~
mĞ°reĞµp,~
AurorĞ°,~
EÑ•pĞµr Terra,~
Esper TerrĞ°,~
Comme des Garcon,@
CĞ¾mme des GĞ°rcons,@
BlĞ¾nd,+
ThrĞµe Ğ…triÑ€eÑ•,@
ThrĞµe Ğ…trÑ–Ñ€ĞµÑ•,@
World In My Hands,@
maple sugar,@
Who Is Sombra?,@
VĞµtements,+
Arcaneum,+
ChristÎ¿s,@
garupan,@
alolnlen,~
Alolan Terra,~
alolanaurora,~
Alolan Noodles,@
Alolan AÑhrĞ¾mĞ°tic,~
Alolan Big Daddy,@
Alolan Sombrero,@
alolanauror,~
